ID,County,Name,Answered,Website,Email,Age,Employment,Education,Q1,Q2,Q3,Q4,Q5,Q6
1,Baltimore County,John Baltimore,y,none.com,none@none.com,40,null,"B.S., D.C.","Lorem ipsum dolor sit amet, consectetur adipiscing elit, sed do eiusmod tempor incididunt ut labore et dolore magna aliqua. Ut enim ad minim veniam, quis nostrud exercitation ullamco laboris nisi ut aliquip ex ea commodo consequat. Duis aute irure dolor in reprehenderit in voluptate velit esse cillum dolore eu fugiat nulla pariatur. Excepteur sint occaecat cupidatat non proident, sunt in culpa qui officia deserunt mollit anim id est laborum.",Sed egestas egestas fringilla phasellus faucibus scelerisque eleifend donec. Enim sed faucibus turpis in eu. Nunc scelerisque viverra mauris in aliquam sem fringilla. Dictum non consectetur a erat nam at. Fermentum iaculis eu non diam phasellus vestibulum lorem sed risus. Tellus elementum sagittis vitae et leo. Imperdiet sed euismod nisi porta lorem mollis aliquam ut. Est ante in nibh mauris cursus mattis molestie a iaculis. Porta nibh venenatis cras sed felis eget velit. Tristique nulla aliquet enim tortor at. Venenatis tellus in metus vulputate eu. Aenean pharetra magna ac placerat vestibulum lectus. Odio eu feugiat pretium nibh ipsum consequat nisl. Amet risus nullam eget felis eget nunc lobortis.,Pretium quam vulputate dignissim suspendisse. Rutrum quisque non tellus orci. Non odio euismod lacinia at quis risus sed. Amet nisl purus in mollis nunc sed id semper risus. Adipiscing enim eu turpis egestas. Vel facilisis volutpat est velit egestas dui id ornare. Urna cursus eget nunc scelerisque viverra mauris in. Odio euismod lacinia at quis risus sed vulputate odio ut. Elit ullamcorper dignissim cras tincidunt lobortis feugiat vivamus at. Augue lacus viverra vitae congue eu consequat ac felis. Congue mauris rhoncus aenean vel elit scelerisque. Aliquet nibh praesent tristique magna sit amet purus gravida quis. Elit ut aliquam purus sit amet. Ut tristique et egestas quis. Viverra nibh cras pulvinar mattis nunc. Cras tincidunt lobortis feugiat vivamus at augue eget arcu. Netus et malesuada fames ac turpis egestas maecenas. Adipiscing bibendum est ultricies integer quis auctor elit sed vulputate. A cras semper auctor neque.,"Lorem ipsum dolor sit amet, consectetur adipiscing elit, sed do eiusmod tempor incididunt ut labore et dolore magna aliqua. Ut enim ad minim veniam, quis nostrud exercitation ullamco laboris nisi ut aliquip ex ea commodo consequat. Duis aute irure dolor in reprehenderit in voluptate velit esse cillum dolore eu fugiat nulla pariatur. Excepteur sint occaecat cupidatat non proident, sunt in culpa qui officia deserunt mollit anim id est laborum.",Sed egestas egestas fringilla phasellus faucibus scelerisque eleifend donec. Enim sed faucibus turpis in eu. Nunc scelerisque viverra mauris in aliquam sem fringilla. Dictum non consectetur a erat nam at. Fermentum iaculis eu non diam phasellus vestibulum lorem sed risus. Tellus elementum sagittis vitae et leo. Imperdiet sed euismod nisi porta lorem mollis aliquam ut. Est ante in nibh mauris cursus mattis molestie a iaculis. Porta nibh venenatis cras sed felis eget velit. Tristique nulla aliquet enim tortor at. Venenatis tellus in metus vulputate eu. Aenean pharetra magna ac placerat vestibulum lectus. Odio eu feugiat pretium nibh ipsum consequat nisl. Amet risus nullam eget felis eget nunc lobortis.,Pretium quam vulputate dignissim suspendisse. Rutrum quisque non tellus orci. Non odio euismod lacinia at quis risus sed. Amet nisl purus in mollis nunc sed id semper risus. Adipiscing enim eu turpis egestas. Vel facilisis volutpat est velit egestas dui id ornare. Urna cursus eget nunc scelerisque viverra mauris in. Odio euismod lacinia at quis risus sed vulputate odio ut. Elit ullamcorper dignissim cras tincidunt lobortis feugiat vivamus at. Augue lacus viverra vitae congue eu consequat ac felis. Congue mauris rhoncus aenean vel elit scelerisque. Aliquet nibh praesent tristique magna sit amet purus gravida quis. Elit ut aliquam purus sit amet. Ut tristique et egestas quis. Viverra nibh cras pulvinar mattis nunc. Cras tincidunt lobortis feugiat vivamus at augue eget arcu. Netus et malesuada fames ac turpis egestas maecenas. Adipiscing bibendum est ultricies integer quis auctor elit sed vulputate. A cras semper auctor neque.
2,Baltimore County,Susan Baltimore,y,none.com,none@none.com,33,Chef,"Master’s Degree, Frostburg State University","Lorem ipsum dolor sit amet, consectetur adipiscing elit, sed do eiusmod tempor incididunt ut labore et dolore magna aliqua. Ut enim ad minim veniam, quis nostrud exercitation ullamco laboris nisi ut aliquip ex ea commodo consequat. Duis aute irure dolor in reprehenderit in voluptate velit esse cillum dolore eu fugiat nulla pariatur. Excepteur sint occaecat cupidatat non proident, sunt in culpa qui officia deserunt mollit anim id est laborum.",Sed egestas egestas fringilla phasellus faucibus scelerisque eleifend donec. Enim sed faucibus turpis in eu. Nunc scelerisque viverra mauris in aliquam sem fringilla. Dictum non consectetur a erat nam at. Fermentum iaculis eu non diam phasellus vestibulum lorem sed risus. Tellus elementum sagittis vitae et leo. Imperdiet sed euismod nisi porta lorem mollis aliquam ut. Est ante in nibh mauris cursus mattis molestie a iaculis. Porta nibh venenatis cras sed felis eget velit. Tristique nulla aliquet enim tortor at. Venenatis tellus in metus vulputate eu. Aenean pharetra magna ac placerat vestibulum lectus. Odio eu feugiat pretium nibh ipsum consequat nisl. Amet risus nullam eget felis eget nunc lobortis.,Pretium quam vulputate dignissim suspendisse. Rutrum quisque non tellus orci. Non odio euismod lacinia at quis risus sed. Amet nisl purus in mollis nunc sed id semper risus. Adipiscing enim eu turpis egestas. Vel facilisis volutpat est velit egestas dui id ornare. Urna cursus eget nunc scelerisque viverra mauris in. Odio euismod lacinia at quis risus sed vulputate odio ut. Elit ullamcorper dignissim cras tincidunt lobortis feugiat vivamus at. Augue lacus viverra vitae congue eu consequat ac felis. Congue mauris rhoncus aenean vel elit scelerisque. Aliquet nibh praesent tristique magna sit amet purus gravida quis. Elit ut aliquam purus sit amet. Ut tristique et egestas quis. Viverra nibh cras pulvinar mattis nunc. Cras tincidunt lobortis feugiat vivamus at augue eget arcu. Netus et malesuada fames ac turpis egestas maecenas. Adipiscing bibendum est ultricies integer quis auctor elit sed vulputate. A cras semper auctor neque.,"Lorem ipsum dolor sit amet, consectetur adipiscing elit, sed do eiusmod tempor incididunt ut labore et dolore magna aliqua. Ut enim ad minim veniam, quis nostrud exercitation ullamco laboris nisi ut aliquip ex ea commodo consequat. Duis aute irure dolor in reprehenderit in voluptate velit esse cillum dolore eu fugiat nulla pariatur. Excepteur sint occaecat cupidatat non proident, sunt in culpa qui officia deserunt mollit anim id est laborum.",Sed egestas egestas fringilla phasellus faucibus scelerisque eleifend donec. Enim sed faucibus turpis in eu. Nunc scelerisque viverra mauris in aliquam sem fringilla. Dictum non consectetur a erat nam at. Fermentum iaculis eu non diam phasellus vestibulum lorem sed risus. Tellus elementum sagittis vitae et leo. Imperdiet sed euismod nisi porta lorem mollis aliquam ut. Est ante in nibh mauris cursus mattis molestie a iaculis. Porta nibh venenatis cras sed felis eget velit. Tristique nulla aliquet enim tortor at. Venenatis tellus in metus vulputate eu. Aenean pharetra magna ac placerat vestibulum lectus. Odio eu feugiat pretium nibh ipsum consequat nisl. Amet risus nullam eget felis eget nunc lobortis.,Pretium quam vulputate dignissim suspendisse. Rutrum quisque non tellus orci. Non odio euismod lacinia at quis risus sed. Amet nisl purus in mollis nunc sed id semper risus. Adipiscing enim eu turpis egestas. Vel facilisis volutpat est velit egestas dui id ornare. Urna cursus eget nunc scelerisque viverra mauris in. Odio euismod lacinia at quis risus sed vulputate odio ut. Elit ullamcorper dignissim cras tincidunt lobortis feugiat vivamus at. Augue lacus viverra vitae congue eu consequat ac felis. Congue mauris rhoncus aenean vel elit scelerisque. Aliquet nibh praesent tristique magna sit amet purus gravida quis. Elit ut aliquam purus sit amet. Ut tristique et egestas quis. Viverra nibh cras pulvinar mattis nunc. Cras tincidunt lobortis feugiat vivamus at augue eget arcu. Netus et malesuada fames ac turpis egestas maecenas. Adipiscing bibendum est ultricies integer quis auctor elit sed vulputate. A cras semper auctor neque.
3,Baltimore County,Debbie Baltimore,y,none.com,none@none.com,64,Dentist,"Bachelor degree, Geneva College","Lorem ipsum dolor sit amet, consectetur adipiscing elit, sed do eiusmod tempor incididunt ut labore et dolore magna aliqua. Ut enim ad minim veniam, quis nostrud exercitation ullamco laboris nisi ut aliquip ex ea commodo consequat. Duis aute irure dolor in reprehenderit in voluptate velit esse cillum dolore eu fugiat nulla pariatur. Excepteur sint occaecat cupidatat non proident, sunt in culpa qui officia deserunt mollit anim id est laborum.",Sed egestas egestas fringilla phasellus faucibus scelerisque eleifend donec. Enim sed faucibus turpis in eu. Nunc scelerisque viverra mauris in aliquam sem fringilla. Dictum non consectetur a erat nam at. Fermentum iaculis eu non diam phasellus vestibulum lorem sed risus. Tellus elementum sagittis vitae et leo. Imperdiet sed euismod nisi porta lorem mollis aliquam ut. Est ante in nibh mauris cursus mattis molestie a iaculis. Porta nibh venenatis cras sed felis eget velit. Tristique nulla aliquet enim tortor at. Venenatis tellus in metus vulputate eu. Aenean pharetra magna ac placerat vestibulum lectus. Odio eu feugiat pretium nibh ipsum consequat nisl. Amet risus nullam eget felis eget nunc lobortis.,Pretium quam vulputate dignissim suspendisse. Rutrum quisque non tellus orci. Non odio euismod lacinia at quis risus sed. Amet nisl purus in mollis nunc sed id semper risus. Adipiscing enim eu turpis egestas. Vel facilisis volutpat est velit egestas dui id ornare. Urna cursus eget nunc scelerisque viverra mauris in. Odio euismod lacinia at quis risus sed vulputate odio ut. Elit ullamcorper dignissim cras tincidunt lobortis feugiat vivamus at. Augue lacus viverra vitae congue eu consequat ac felis. Congue mauris rhoncus aenean vel elit scelerisque. Aliquet nibh praesent tristique magna sit amet purus gravida quis. Elit ut aliquam purus sit amet. Ut tristique et egestas quis. Viverra nibh cras pulvinar mattis nunc. Cras tincidunt lobortis feugiat vivamus at augue eget arcu. Netus et malesuada fames ac turpis egestas maecenas. Adipiscing bibendum est ultricies integer quis auctor elit sed vulputate. A cras semper auctor neque.,"Lorem ipsum dolor sit amet, consectetur adipiscing elit, sed do eiusmod tempor incididunt ut labore et dolore magna aliqua. Ut enim ad minim veniam, quis nostrud exercitation ullamco laboris nisi ut aliquip ex ea commodo consequat. Duis aute irure dolor in reprehenderit in voluptate velit esse cillum dolore eu fugiat nulla pariatur. Excepteur sint occaecat cupidatat non proident, sunt in culpa qui officia deserunt mollit anim id est laborum.",Sed egestas egestas fringilla phasellus faucibus scelerisque eleifend donec. Enim sed faucibus turpis in eu. Nunc scelerisque viverra mauris in aliquam sem fringilla. Dictum non consectetur a erat nam at. Fermentum iaculis eu non diam phasellus vestibulum lorem sed risus. Tellus elementum sagittis vitae et leo. Imperdiet sed euismod nisi porta lorem mollis aliquam ut. Est ante in nibh mauris cursus mattis molestie a iaculis. Porta nibh venenatis cras sed felis eget velit. Tristique nulla aliquet enim tortor at. Venenatis tellus in metus vulputate eu. Aenean pharetra magna ac placerat vestibulum lectus. Odio eu feugiat pretium nibh ipsum consequat nisl. Amet risus nullam eget felis eget nunc lobortis.,Pretium quam vulputate dignissim suspendisse. Rutrum quisque non tellus orci. Non odio euismod lacinia at quis risus sed. Amet nisl purus in mollis nunc sed id semper risus. Adipiscing enim eu turpis egestas. Vel facilisis volutpat est velit egestas dui id ornare. Urna cursus eget nunc scelerisque viverra mauris in. Odio euismod lacinia at quis risus sed vulputate odio ut. Elit ullamcorper dignissim cras tincidunt lobortis feugiat vivamus at. Augue lacus viverra vitae congue eu consequat ac felis. Congue mauris rhoncus aenean vel elit scelerisque. Aliquet nibh praesent tristique magna sit amet purus gravida quis. Elit ut aliquam purus sit amet. Ut tristique et egestas quis. Viverra nibh cras pulvinar mattis nunc. Cras tincidunt lobortis feugiat vivamus at augue eget arcu. Netus et malesuada fames ac turpis egestas maecenas. Adipiscing bibendum est ultricies integer quis auctor elit sed vulputate. A cras semper auctor neque.
4,Charles County,John Charles,y,none.com,none@none.com,40,Astronaut,null,"Lorem ipsum dolor sit amet, consectetur adipiscing elit, sed do eiusmod tempor incididunt ut labore et dolore magna aliqua. Ut enim ad minim veniam, quis nostrud exercitation ullamco laboris nisi ut aliquip ex ea commodo consequat. Duis aute irure dolor in reprehenderit in voluptate velit esse cillum dolore eu fugiat nulla pariatur. Excepteur sint occaecat cupidatat non proident, sunt in culpa qui officia deserunt mollit anim id est laborum.",Sed egestas egestas fringilla phasellus faucibus scelerisque eleifend donec. Enim sed faucibus turpis in eu. Nunc scelerisque viverra mauris in aliquam sem fringilla. Dictum non consectetur a erat nam at. Fermentum iaculis eu non diam phasellus vestibulum lorem sed risus. Tellus elementum sagittis vitae et leo. Imperdiet sed euismod nisi porta lorem mollis aliquam ut. Est ante in nibh mauris cursus mattis molestie a iaculis. Porta nibh venenatis cras sed felis eget velit. Tristique nulla aliquet enim tortor at. Venenatis tellus in metus vulputate eu. Aenean pharetra magna ac placerat vestibulum lectus. Odio eu feugiat pretium nibh ipsum consequat nisl. Amet risus nullam eget felis eget nunc lobortis.,Pretium quam vulputate dignissim suspendisse. Rutrum quisque non tellus orci. Non odio euismod lacinia at quis risus sed. Amet nisl purus in mollis nunc sed id semper risus. Adipiscing enim eu turpis egestas. Vel facilisis volutpat est velit egestas dui id ornare. Urna cursus eget nunc scelerisque viverra mauris in. Odio euismod lacinia at quis risus sed vulputate odio ut. Elit ullamcorper dignissim cras tincidunt lobortis feugiat vivamus at. Augue lacus viverra vitae congue eu consequat ac felis. Congue mauris rhoncus aenean vel elit scelerisque. Aliquet nibh praesent tristique magna sit amet purus gravida quis. Elit ut aliquam purus sit amet. Ut tristique et egestas quis. Viverra nibh cras pulvinar mattis nunc. Cras tincidunt lobortis feugiat vivamus at augue eget arcu. Netus et malesuada fames ac turpis egestas maecenas. Adipiscing bibendum est ultricies integer quis auctor elit sed vulputate. A cras semper auctor neque.,"Lorem ipsum dolor sit amet, consectetur adipiscing elit, sed do eiusmod tempor incididunt ut labore et dolore magna aliqua. Ut enim ad minim veniam, quis nostrud exercitation ullamco laboris nisi ut aliquip ex ea commodo consequat. Duis aute irure dolor in reprehenderit in voluptate velit esse cillum dolore eu fugiat nulla pariatur. Excepteur sint occaecat cupidatat non proident, sunt in culpa qui officia deserunt mollit anim id est laborum.",Sed egestas egestas fringilla phasellus faucibus scelerisque eleifend donec. Enim sed faucibus turpis in eu. Nunc scelerisque viverra mauris in aliquam sem fringilla. Dictum non consectetur a erat nam at. Fermentum iaculis eu non diam phasellus vestibulum lorem sed risus. Tellus elementum sagittis vitae et leo. Imperdiet sed euismod nisi porta lorem mollis aliquam ut. Est ante in nibh mauris cursus mattis molestie a iaculis. Porta nibh venenatis cras sed felis eget velit. Tristique nulla aliquet enim tortor at. Venenatis tellus in metus vulputate eu. Aenean pharetra magna ac placerat vestibulum lectus. Odio eu feugiat pretium nibh ipsum consequat nisl. Amet risus nullam eget felis eget nunc lobortis.,Pretium quam vulputate dignissim suspendisse. Rutrum quisque non tellus orci. Non odio euismod lacinia at quis risus sed. Amet nisl purus in mollis nunc sed id semper risus. Adipiscing enim eu turpis egestas. Vel facilisis volutpat est velit egestas dui id ornare. Urna cursus eget nunc scelerisque viverra mauris in. Odio euismod lacinia at quis risus sed vulputate odio ut. Elit ullamcorper dignissim cras tincidunt lobortis feugiat vivamus at. Augue lacus viverra vitae congue eu consequat ac felis. Congue mauris rhoncus aenean vel elit scelerisque. Aliquet nibh praesent tristique magna sit amet purus gravida quis. Elit ut aliquam purus sit amet. Ut tristique et egestas quis. Viverra nibh cras pulvinar mattis nunc. Cras tincidunt lobortis feugiat vivamus at augue eget arcu. Netus et malesuada fames ac turpis egestas maecenas. Adipiscing bibendum est ultricies integer quis auctor elit sed vulputate. A cras semper auctor neque.
5,Charles County,Susan Charles,y,none.com,none@none.com,33,Chef,"Master’s Degree, Frostburg State University","Lorem ipsum dolor sit amet, consectetur adipiscing elit, sed do eiusmod tempor incididunt ut labore et dolore magna aliqua. Ut enim ad minim veniam, quis nostrud exercitation ullamco laboris nisi ut aliquip ex ea commodo consequat. Duis aute irure dolor in reprehenderit in voluptate velit esse cillum dolore eu fugiat nulla pariatur. Excepteur sint occaecat cupidatat non proident, sunt in culpa qui officia deserunt mollit anim id est laborum.",Sed egestas egestas fringilla phasellus faucibus scelerisque eleifend donec. Enim sed faucibus turpis in eu. Nunc scelerisque viverra mauris in aliquam sem fringilla. Dictum non consectetur a erat nam at. Fermentum iaculis eu non diam phasellus vestibulum lorem sed risus. Tellus elementum sagittis vitae et leo. Imperdiet sed euismod nisi porta lorem mollis aliquam ut. Est ante in nibh mauris cursus mattis molestie a iaculis. Porta nibh venenatis cras sed felis eget velit. Tristique nulla aliquet enim tortor at. Venenatis tellus in metus vulputate eu. Aenean pharetra magna ac placerat vestibulum lectus. Odio eu feugiat pretium nibh ipsum consequat nisl. Amet risus nullam eget felis eget nunc lobortis.,Pretium quam vulputate dignissim suspendisse. Rutrum quisque non tellus orci. Non odio euismod lacinia at quis risus sed. Amet nisl purus in mollis nunc sed id semper risus. Adipiscing enim eu turpis egestas. Vel facilisis volutpat est velit egestas dui id ornare. Urna cursus eget nunc scelerisque viverra mauris in. Odio euismod lacinia at quis risus sed vulputate odio ut. Elit ullamcorper dignissim cras tincidunt lobortis feugiat vivamus at. Augue lacus viverra vitae congue eu consequat ac felis. Congue mauris rhoncus aenean vel elit scelerisque. Aliquet nibh praesent tristique magna sit amet purus gravida quis. Elit ut aliquam purus sit amet. Ut tristique et egestas quis. Viverra nibh cras pulvinar mattis nunc. Cras tincidunt lobortis feugiat vivamus at augue eget arcu. Netus et malesuada fames ac turpis egestas maecenas. Adipiscing bibendum est ultricies integer quis auctor elit sed vulputate. A cras semper auctor neque.,"Lorem ipsum dolor sit amet, consectetur adipiscing elit, sed do eiusmod tempor incididunt ut labore et dolore magna aliqua. Ut enim ad minim veniam, quis nostrud exercitation ullamco laboris nisi ut aliquip ex ea commodo consequat. Duis aute irure dolor in reprehenderit in voluptate velit esse cillum dolore eu fugiat nulla pariatur. Excepteur sint occaecat cupidatat non proident, sunt in culpa qui officia deserunt mollit anim id est laborum.",Sed egestas egestas fringilla phasellus faucibus scelerisque eleifend donec. Enim sed faucibus turpis in eu. Nunc scelerisque viverra mauris in aliquam sem fringilla. Dictum non consectetur a erat nam at. Fermentum iaculis eu non diam phasellus vestibulum lorem sed risus. Tellus elementum sagittis vitae et leo. Imperdiet sed euismod nisi porta lorem mollis aliquam ut. Est ante in nibh mauris cursus mattis molestie a iaculis. Porta nibh venenatis cras sed felis eget velit. Tristique nulla aliquet enim tortor at. Venenatis tellus in metus vulputate eu. Aenean pharetra magna ac placerat vestibulum lectus. Odio eu feugiat pretium nibh ipsum consequat nisl. Amet risus nullam eget felis eget nunc lobortis.,Pretium quam vulputate dignissim suspendisse. Rutrum quisque non tellus orci. Non odio euismod lacinia at quis risus sed. Amet nisl purus in mollis nunc sed id semper risus. Adipiscing enim eu turpis egestas. Vel facilisis volutpat est velit egestas dui id ornare. Urna cursus eget nunc scelerisque viverra mauris in. Odio euismod lacinia at quis risus sed vulputate odio ut. Elit ullamcorper dignissim cras tincidunt lobortis feugiat vivamus at. Augue lacus viverra vitae congue eu consequat ac felis. Congue mauris rhoncus aenean vel elit scelerisque. Aliquet nibh praesent tristique magna sit amet purus gravida quis. Elit ut aliquam purus sit amet. Ut tristique et egestas quis. Viverra nibh cras pulvinar mattis nunc. Cras tincidunt lobortis feugiat vivamus at augue eget arcu. Netus et malesuada fames ac turpis egestas maecenas. Adipiscing bibendum est ultricies integer quis auctor elit sed vulputate. A cras semper auctor neque.
6,Charles County,Debbie Charles,y,none.com,none@none.com,64,Dentist,"Bachelor degree, Geneva College","Lorem ipsum dolor sit amet, consectetur adipiscing elit, sed do eiusmod tempor incididunt ut labore et dolore magna aliqua. Ut enim ad minim veniam, quis nostrud exercitation ullamco laboris nisi ut aliquip ex ea commodo consequat. Duis aute irure dolor in reprehenderit in voluptate velit esse cillum dolore eu fugiat nulla pariatur. Excepteur sint occaecat cupidatat non proident, sunt in culpa qui officia deserunt mollit anim id est laborum.",Sed egestas egestas fringilla phasellus faucibus scelerisque eleifend donec. Enim sed faucibus turpis in eu. Nunc scelerisque viverra mauris in aliquam sem fringilla. Dictum non consectetur a erat nam at. Fermentum iaculis eu non diam phasellus vestibulum lorem sed risus. Tellus elementum sagittis vitae et leo. Imperdiet sed euismod nisi porta lorem mollis aliquam ut. Est ante in nibh mauris cursus mattis molestie a iaculis. Porta nibh venenatis cras sed felis eget velit. Tristique nulla aliquet enim tortor at. Venenatis tellus in metus vulputate eu. Aenean pharetra magna ac placerat vestibulum lectus. Odio eu feugiat pretium nibh ipsum consequat nisl. Amet risus nullam eget felis eget nunc lobortis.,Pretium quam vulputate dignissim suspendisse. Rutrum quisque non tellus orci. Non odio euismod lacinia at quis risus sed. Amet nisl purus in mollis nunc sed id semper risus. Adipiscing enim eu turpis egestas. Vel facilisis volutpat est velit egestas dui id ornare. Urna cursus eget nunc scelerisque viverra mauris in. Odio euismod lacinia at quis risus sed vulputate odio ut. Elit ullamcorper dignissim cras tincidunt lobortis feugiat vivamus at. Augue lacus viverra vitae congue eu consequat ac felis. Congue mauris rhoncus aenean vel elit scelerisque. Aliquet nibh praesent tristique magna sit amet purus gravida quis. Elit ut aliquam purus sit amet. Ut tristique et egestas quis. Viverra nibh cras pulvinar mattis nunc. Cras tincidunt lobortis feugiat vivamus at augue eget arcu. Netus et malesuada fames ac turpis egestas maecenas. Adipiscing bibendum est ultricies integer quis auctor elit sed vulputate. A cras semper auctor neque.,"Lorem ipsum dolor sit amet, consectetur adipiscing elit, sed do eiusmod tempor incididunt ut labore et dolore magna aliqua. Ut enim ad minim veniam, quis nostrud exercitation ullamco laboris nisi ut aliquip ex ea commodo consequat. Duis aute irure dolor in reprehenderit in voluptate velit esse cillum dolore eu fugiat nulla pariatur. Excepteur sint occaecat cupidatat non proident, sunt in culpa qui officia deserunt mollit anim id est laborum.",Sed egestas egestas fringilla phasellus faucibus scelerisque eleifend donec. Enim sed faucibus turpis in eu. Nunc scelerisque viverra mauris in aliquam sem fringilla. Dictum non consectetur a erat nam at. Fermentum iaculis eu non diam phasellus vestibulum lorem sed risus. Tellus elementum sagittis vitae et leo. Imperdiet sed euismod nisi porta lorem mollis aliquam ut. Est ante in nibh mauris cursus mattis molestie a iaculis. Porta nibh venenatis cras sed felis eget velit. Tristique nulla aliquet enim tortor at. Venenatis tellus in metus vulputate eu. Aenean pharetra magna ac placerat vestibulum lectus. Odio eu feugiat pretium nibh ipsum consequat nisl. Amet risus nullam eget felis eget nunc lobortis.,Pretium quam vulputate dignissim suspendisse. Rutrum quisque non tellus orci. Non odio euismod lacinia at quis risus sed. Amet nisl purus in mollis nunc sed id semper risus. Adipiscing enim eu turpis egestas. Vel facilisis volutpat est velit egestas dui id ornare. Urna cursus eget nunc scelerisque viverra mauris in. Odio euismod lacinia at quis risus sed vulputate odio ut. Elit ullamcorper dignissim cras tincidunt lobortis feugiat vivamus at. Augue lacus viverra vitae congue eu consequat ac felis. Congue mauris rhoncus aenean vel elit scelerisque. Aliquet nibh praesent tristique magna sit amet purus gravida quis. Elit ut aliquam purus sit amet. Ut tristique et egestas quis. Viverra nibh cras pulvinar mattis nunc. Cras tincidunt lobortis feugiat vivamus at augue eget arcu. Netus et malesuada fames ac turpis egestas maecenas. Adipiscing bibendum est ultricies integer quis auctor elit sed vulputate. A cras semper auctor neque.
7,Howard County,John Howard,y,none.com,none@none.com,40,null,"B.S., D.C.","Lorem ipsum dolor sit amet, consectetur adipiscing elit, sed do eiusmod tempor incididunt ut labore et dolore magna aliqua. Ut enim ad minim veniam, quis nostrud exercitation ullamco laboris nisi ut aliquip ex ea commodo consequat. Duis aute irure dolor in reprehenderit in voluptate velit esse cillum dolore eu fugiat nulla pariatur. Excepteur sint occaecat cupidatat non proident, sunt in culpa qui officia deserunt mollit anim id est laborum.",Sed egestas egestas fringilla phasellus faucibus scelerisque eleifend donec. Enim sed faucibus turpis in eu. Nunc scelerisque viverra mauris in aliquam sem fringilla. Dictum non consectetur a erat nam at. Fermentum iaculis eu non diam phasellus vestibulum lorem sed risus. Tellus elementum sagittis vitae et leo. Imperdiet sed euismod nisi porta lorem mollis aliquam ut. Est ante in nibh mauris cursus mattis molestie a iaculis. Porta nibh venenatis cras sed felis eget velit. Tristique nulla aliquet enim tortor at. Venenatis tellus in metus vulputate eu. Aenean pharetra magna ac placerat vestibulum lectus. Odio eu feugiat pretium nibh ipsum consequat nisl. Amet risus nullam eget felis eget nunc lobortis.,Pretium quam vulputate dignissim suspendisse. Rutrum quisque non tellus orci. Non odio euismod lacinia at quis risus sed. Amet nisl purus in mollis nunc sed id semper risus. Adipiscing enim eu turpis egestas. Vel facilisis volutpat est velit egestas dui id ornare. Urna cursus eget nunc scelerisque viverra mauris in. Odio euismod lacinia at quis risus sed vulputate odio ut. Elit ullamcorper dignissim cras tincidunt lobortis feugiat vivamus at. Augue lacus viverra vitae congue eu consequat ac felis. Congue mauris rhoncus aenean vel elit scelerisque. Aliquet nibh praesent tristique magna sit amet purus gravida quis. Elit ut aliquam purus sit amet. Ut tristique et egestas quis. Viverra nibh cras pulvinar mattis nunc. Cras tincidunt lobortis feugiat vivamus at augue eget arcu. Netus et malesuada fames ac turpis egestas maecenas. Adipiscing bibendum est ultricies integer quis auctor elit sed vulputate. A cras semper auctor neque.,"Lorem ipsum dolor sit amet, consectetur adipiscing elit, sed do eiusmod tempor incididunt ut labore et dolore magna aliqua. Ut enim ad minim veniam, quis nostrud exercitation ullamco laboris nisi ut aliquip ex ea commodo consequat. Duis aute irure dolor in reprehenderit in voluptate velit esse cillum dolore eu fugiat nulla pariatur. Excepteur sint occaecat cupidatat non proident, sunt in culpa qui officia deserunt mollit anim id est laborum.",Sed egestas egestas fringilla phasellus faucibus scelerisque eleifend donec. Enim sed faucibus turpis in eu. Nunc scelerisque viverra mauris in aliquam sem fringilla. Dictum non consectetur a erat nam at. Fermentum iaculis eu non diam phasellus vestibulum lorem sed risus. Tellus elementum sagittis vitae et leo. Imperdiet sed euismod nisi porta lorem mollis aliquam ut. Est ante in nibh mauris cursus mattis molestie a iaculis. Porta nibh venenatis cras sed felis eget velit. Tristique nulla aliquet enim tortor at. Venenatis tellus in metus vulputate eu. Aenean pharetra magna ac placerat vestibulum lectus. Odio eu feugiat pretium nibh ipsum consequat nisl. Amet risus nullam eget felis eget nunc lobortis.,Pretium quam vulputate dignissim suspendisse. Rutrum quisque non tellus orci. Non odio euismod lacinia at quis risus sed. Amet nisl purus in mollis nunc sed id semper risus. Adipiscing enim eu turpis egestas. Vel facilisis volutpat est velit egestas dui id ornare. Urna cursus eget nunc scelerisque viverra mauris in. Odio euismod lacinia at quis risus sed vulputate odio ut. Elit ullamcorper dignissim cras tincidunt lobortis feugiat vivamus at. Augue lacus viverra vitae congue eu consequat ac felis. Congue mauris rhoncus aenean vel elit scelerisque. Aliquet nibh praesent tristique magna sit amet purus gravida quis. Elit ut aliquam purus sit amet. Ut tristique et egestas quis. Viverra nibh cras pulvinar mattis nunc. Cras tincidunt lobortis feugiat vivamus at augue eget arcu. Netus et malesuada fames ac turpis egestas maecenas. Adipiscing bibendum est ultricies integer quis auctor elit sed vulputate. A cras semper auctor neque.
8,Howard County,Susan Howard,y,none.com,none@none.com,33,Chef,"Master’s Degree, Frostburg State University","Lorem ipsum dolor sit amet, consectetur adipiscing elit, sed do eiusmod tempor incididunt ut labore et dolore magna aliqua. Ut enim ad minim veniam, quis nostrud exercitation ullamco laboris nisi ut aliquip ex ea commodo consequat. Duis aute irure dolor in reprehenderit in voluptate velit esse cillum dolore eu fugiat nulla pariatur. Excepteur sint occaecat cupidatat non proident, sunt in culpa qui officia deserunt mollit anim id est laborum.",Sed egestas egestas fringilla phasellus faucibus scelerisque eleifend donec. Enim sed faucibus turpis in eu. Nunc scelerisque viverra mauris in aliquam sem fringilla. Dictum non consectetur a erat nam at. Fermentum iaculis eu non diam phasellus vestibulum lorem sed risus. Tellus elementum sagittis vitae et leo. Imperdiet sed euismod nisi porta lorem mollis aliquam ut. Est ante in nibh mauris cursus mattis molestie a iaculis. Porta nibh venenatis cras sed felis eget velit. Tristique nulla aliquet enim tortor at. Venenatis tellus in metus vulputate eu. Aenean pharetra magna ac placerat vestibulum lectus. Odio eu feugiat pretium nibh ipsum consequat nisl. Amet risus nullam eget felis eget nunc lobortis.,Pretium quam vulputate dignissim suspendisse. Rutrum quisque non tellus orci. Non odio euismod lacinia at quis risus sed. Amet nisl purus in mollis nunc sed id semper risus. Adipiscing enim eu turpis egestas. Vel facilisis volutpat est velit egestas dui id ornare. Urna cursus eget nunc scelerisque viverra mauris in. Odio euismod lacinia at quis risus sed vulputate odio ut. Elit ullamcorper dignissim cras tincidunt lobortis feugiat vivamus at. Augue lacus viverra vitae congue eu consequat ac felis. Congue mauris rhoncus aenean vel elit scelerisque. Aliquet nibh praesent tristique magna sit amet purus gravida quis. Elit ut aliquam purus sit amet. Ut tristique et egestas quis. Viverra nibh cras pulvinar mattis nunc. Cras tincidunt lobortis feugiat vivamus at augue eget arcu. Netus et malesuada fames ac turpis egestas maecenas. Adipiscing bibendum est ultricies integer quis auctor elit sed vulputate. A cras semper auctor neque.,"Lorem ipsum dolor sit amet, consectetur adipiscing elit, sed do eiusmod tempor incididunt ut labore et dolore magna aliqua. Ut enim ad minim veniam, quis nostrud exercitation ullamco laboris nisi ut aliquip ex ea commodo consequat. Duis aute irure dolor in reprehenderit in voluptate velit esse cillum dolore eu fugiat nulla pariatur. Excepteur sint occaecat cupidatat non proident, sunt in culpa qui officia deserunt mollit anim id est laborum.",Sed egestas egestas fringilla phasellus faucibus scelerisque eleifend donec. Enim sed faucibus turpis in eu. Nunc scelerisque viverra mauris in aliquam sem fringilla. Dictum non consectetur a erat nam at. Fermentum iaculis eu non diam phasellus vestibulum lorem sed risus. Tellus elementum sagittis vitae et leo. Imperdiet sed euismod nisi porta lorem mollis aliquam ut. Est ante in nibh mauris cursus mattis molestie a iaculis. Porta nibh venenatis cras sed felis eget velit. Tristique nulla aliquet enim tortor at. Venenatis tellus in metus vulputate eu. Aenean pharetra magna ac placerat vestibulum lectus. Odio eu feugiat pretium nibh ipsum consequat nisl. Amet risus nullam eget felis eget nunc lobortis.,Pretium quam vulputate dignissim suspendisse. Rutrum quisque non tellus orci. Non odio euismod lacinia at quis risus sed. Amet nisl purus in mollis nunc sed id semper risus. Adipiscing enim eu turpis egestas. Vel facilisis volutpat est velit egestas dui id ornare. Urna cursus eget nunc scelerisque viverra mauris in. Odio euismod lacinia at quis risus sed vulputate odio ut. Elit ullamcorper dignissim cras tincidunt lobortis feugiat vivamus at. Augue lacus viverra vitae congue eu consequat ac felis. Congue mauris rhoncus aenean vel elit scelerisque. Aliquet nibh praesent tristique magna sit amet purus gravida quis. Elit ut aliquam purus sit amet. Ut tristique et egestas quis. Viverra nibh cras pulvinar mattis nunc. Cras tincidunt lobortis feugiat vivamus at augue eget arcu. Netus et malesuada fames ac turpis egestas maecenas. Adipiscing bibendum est ultricies integer quis auctor elit sed vulputate. A cras semper auctor neque.
9,Howard County,Debbie Howard,y,none.com,none@none.com,64,Dentist,"Bachelor degree, Geneva College","Lorem ipsum dolor sit amet, consectetur adipiscing elit, sed do eiusmod tempor incididunt ut labore et dolore magna aliqua. Ut enim ad minim veniam, quis nostrud exercitation ullamco laboris nisi ut aliquip ex ea commodo consequat. Duis aute irure dolor in reprehenderit in voluptate velit esse cillum dolore eu fugiat nulla pariatur. Excepteur sint occaecat cupidatat non proident, sunt in culpa qui officia deserunt mollit anim id est laborum.",Sed egestas egestas fringilla phasellus faucibus scelerisque eleifend donec. Enim sed faucibus turpis in eu. Nunc scelerisque viverra mauris in aliquam sem fringilla. Dictum non consectetur a erat nam at. Fermentum iaculis eu non diam phasellus vestibulum lorem sed risus. Tellus elementum sagittis vitae et leo. Imperdiet sed euismod nisi porta lorem mollis aliquam ut. Est ante in nibh mauris cursus mattis molestie a iaculis. Porta nibh venenatis cras sed felis eget velit. Tristique nulla aliquet enim tortor at. Venenatis tellus in metus vulputate eu. Aenean pharetra magna ac placerat vestibulum lectus. Odio eu feugiat pretium nibh ipsum consequat nisl. Amet risus nullam eget felis eget nunc lobortis.,Pretium quam vulputate dignissim suspendisse. Rutrum quisque non tellus orci. Non odio euismod lacinia at quis risus sed. Amet nisl purus in mollis nunc sed id semper risus. Adipiscing enim eu turpis egestas. Vel facilisis volutpat est velit egestas dui id ornare. Urna cursus eget nunc scelerisque viverra mauris in. Odio euismod lacinia at quis risus sed vulputate odio ut. Elit ullamcorper dignissim cras tincidunt lobortis feugiat vivamus at. Augue lacus viverra vitae congue eu consequat ac felis. Congue mauris rhoncus aenean vel elit scelerisque. Aliquet nibh praesent tristique magna sit amet purus gravida quis. Elit ut aliquam purus sit amet. Ut tristique et egestas quis. Viverra nibh cras pulvinar mattis nunc. Cras tincidunt lobortis feugiat vivamus at augue eget arcu. Netus et malesuada fames ac turpis egestas maecenas. Adipiscing bibendum est ultricies integer quis auctor elit sed vulputate. A cras semper auctor neque.,"Lorem ipsum dolor sit amet, consectetur adipiscing elit, sed do eiusmod tempor incididunt ut labore et dolore magna aliqua. Ut enim ad minim veniam, quis nostrud exercitation ullamco laboris nisi ut aliquip ex ea commodo consequat. Duis aute irure dolor in reprehenderit in voluptate velit esse cillum dolore eu fugiat nulla pariatur. Excepteur sint occaecat cupidatat non proident, sunt in culpa qui officia deserunt mollit anim id est laborum.",Sed egestas egestas fringilla phasellus faucibus scelerisque eleifend donec. Enim sed faucibus turpis in eu. Nunc scelerisque viverra mauris in aliquam sem fringilla. Dictum non consectetur a erat nam at. Fermentum iaculis eu non diam phasellus vestibulum lorem sed risus. Tellus elementum sagittis vitae et leo. Imperdiet sed euismod nisi porta lorem mollis aliquam ut. Est ante in nibh mauris cursus mattis molestie a iaculis. Porta nibh venenatis cras sed felis eget velit. Tristique nulla aliquet enim tortor at. Venenatis tellus in metus vulputate eu. Aenean pharetra magna ac placerat vestibulum lectus. Odio eu feugiat pretium nibh ipsum consequat nisl. Amet risus nullam eget felis eget nunc lobortis.,Pretium quam vulputate dignissim suspendisse. Rutrum quisque non tellus orci. Non odio euismod lacinia at quis risus sed. Amet nisl purus in mollis nunc sed id semper risus. Adipiscing enim eu turpis egestas. Vel facilisis volutpat est velit egestas dui id ornare. Urna cursus eget nunc scelerisque viverra mauris in. Odio euismod lacinia at quis risus sed vulputate odio ut. Elit ullamcorper dignissim cras tincidunt lobortis feugiat vivamus at. Augue lacus viverra vitae congue eu consequat ac felis. Congue mauris rhoncus aenean vel elit scelerisque. Aliquet nibh praesent tristique magna sit amet purus gravida quis. Elit ut aliquam purus sit amet. Ut tristique et egestas quis. Viverra nibh cras pulvinar mattis nunc. Cras tincidunt lobortis feugiat vivamus at augue eget arcu. Netus et malesuada fames ac turpis egestas maecenas. Adipiscing bibendum est ultricies integer quis auctor elit sed vulputate. A cras semper auctor neque.
10,Howard County,Sarah Howard,n,,,,,,,,,,,
11,Howard County,Ron Howard,n,,,,,,,,,,,
12,Charles County,Sarah Charles,n,,,,,,,,,,,
13,Charles County,Ron Charles,n,,,,,,,,,,,
14,Baltimore County,Sarah Baltimore,n,,,,,,,,,,,
15,Baltimore County,Ron Baltimore,n,,,,,,,,,,,
16,Prince George's County District 1,John George 1,y,none.com,none@none.com,33,Chef,"Master’s Degree, Frostburg State University","Lorem ipsum dolor sit amet, consectetur adipiscing elit, sed do eiusmod tempor incididunt ut labore et dolore magna aliqua. Ut enim ad minim veniam, quis nostrud exercitation ullamco laboris nisi ut aliquip ex ea commodo consequat. Duis aute irure dolor in reprehenderit in voluptate velit esse cillum dolore eu fugiat nulla pariatur. Excepteur sint occaecat cupidatat non proident, sunt in culpa qui officia deserunt mollit anim id est laborum.",Sed egestas egestas fringilla phasellus faucibus scelerisque eleifend donec. Enim sed faucibus turpis in eu. Nunc scelerisque viverra mauris in aliquam sem fringilla. Dictum non consectetur a erat nam at. Fermentum iaculis eu non diam phasellus vestibulum lorem sed risus. Tellus elementum sagittis vitae et leo. Imperdiet sed euismod nisi porta lorem mollis aliquam ut. Est ante in nibh mauris cursus mattis molestie a iaculis. Porta nibh venenatis cras sed felis eget velit. Tristique nulla aliquet enim tortor at. Venenatis tellus in metus vulputate eu. Aenean pharetra magna ac placerat vestibulum lectus. Odio eu feugiat pretium nibh ipsum consequat nisl. Amet risus nullam eget felis eget nunc lobortis.,Pretium quam vulputate dignissim suspendisse. Rutrum quisque non tellus orci. Non odio euismod lacinia at quis risus sed. Amet nisl purus in mollis nunc sed id semper risus. Adipiscing enim eu turpis egestas. Vel facilisis volutpat est velit egestas dui id ornare. Urna cursus eget nunc scelerisque viverra mauris in. Odio euismod lacinia at quis risus sed vulputate odio ut. Elit ullamcorper dignissim cras tincidunt lobortis feugiat vivamus at. Augue lacus viverra vitae congue eu consequat ac felis. Congue mauris rhoncus aenean vel elit scelerisque. Aliquet nibh praesent tristique magna sit amet purus gravida quis. Elit ut aliquam purus sit amet. Ut tristique et egestas quis. Viverra nibh cras pulvinar mattis nunc. Cras tincidunt lobortis feugiat vivamus at augue eget arcu. Netus et malesuada fames ac turpis egestas maecenas. Adipiscing bibendum est ultricies integer quis auctor elit sed vulputate. A cras semper auctor neque.,"Lorem ipsum dolor sit amet, consectetur adipiscing elit, sed do eiusmod tempor incididunt ut labore et dolore magna aliqua. Ut enim ad minim veniam, quis nostrud exercitation ullamco laboris nisi ut aliquip ex ea commodo consequat. Duis aute irure dolor in reprehenderit in voluptate velit esse cillum dolore eu fugiat nulla pariatur. Excepteur sint occaecat cupidatat non proident, sunt in culpa qui officia deserunt mollit anim id est laborum.",Sed egestas egestas fringilla phasellus faucibus scelerisque eleifend donec. Enim sed faucibus turpis in eu. Nunc scelerisque viverra mauris in aliquam sem fringilla. Dictum non consectetur a erat nam at. Fermentum iaculis eu non diam phasellus vestibulum lorem sed risus. Tellus elementum sagittis vitae et leo. Imperdiet sed euismod nisi porta lorem mollis aliquam ut. Est ante in nibh mauris cursus mattis molestie a iaculis. Porta nibh venenatis cras sed felis eget velit. Tristique nulla aliquet enim tortor at. Venenatis tellus in metus vulputate eu. Aenean pharetra magna ac placerat vestibulum lectus. Odio eu feugiat pretium nibh ipsum consequat nisl. Amet risus nullam eget felis eget nunc lobortis.,Pretium quam vulputate dignissim suspendisse. Rutrum quisque non tellus orci. Non odio euismod lacinia at quis risus sed. Amet nisl purus in mollis nunc sed id semper risus. Adipiscing enim eu turpis egestas. Vel facilisis volutpat est velit egestas dui id ornare. Urna cursus eget nunc scelerisque viverra mauris in. Odio euismod lacinia at quis risus sed vulputate odio ut. Elit ullamcorper dignissim cras tincidunt lobortis feugiat vivamus at. Augue lacus viverra vitae congue eu consequat ac felis. Congue mauris rhoncus aenean vel elit scelerisque. Aliquet nibh praesent tristique magna sit amet purus gravida quis. Elit ut aliquam purus sit amet. Ut tristique et egestas quis. Viverra nibh cras pulvinar mattis nunc. Cras tincidunt lobortis feugiat vivamus at augue eget arcu. Netus et malesuada fames ac turpis egestas maecenas. Adipiscing bibendum est ultricies integer quis auctor elit sed vulputate. A cras semper auctor neque.
17,Prince George's County District 1,Susan George 1,y,none.com,none@none.com,64,Dentist,"Bachelor degree, Geneva College","Lorem ipsum dolor sit amet, consectetur adipiscing elit, sed do eiusmod tempor incididunt ut labore et dolore magna aliqua. Ut enim ad minim veniam, quis nostrud exercitation ullamco laboris nisi ut aliquip ex ea commodo consequat. Duis aute irure dolor in reprehenderit in voluptate velit esse cillum dolore eu fugiat nulla pariatur. Excepteur sint occaecat cupidatat non proident, sunt in culpa qui officia deserunt mollit anim id est laborum.",Sed egestas egestas fringilla phasellus faucibus scelerisque eleifend donec. Enim sed faucibus turpis in eu. Nunc scelerisque viverra mauris in aliquam sem fringilla. Dictum non consectetur a erat nam at. Fermentum iaculis eu non diam phasellus vestibulum lorem sed risus. Tellus elementum sagittis vitae et leo. Imperdiet sed euismod nisi porta lorem mollis aliquam ut. Est ante in nibh mauris cursus mattis molestie a iaculis. Porta nibh venenatis cras sed felis eget velit. Tristique nulla aliquet enim tortor at. Venenatis tellus in metus vulputate eu. Aenean pharetra magna ac placerat vestibulum lectus. Odio eu feugiat pretium nibh ipsum consequat nisl. Amet risus nullam eget felis eget nunc lobortis.,Pretium quam vulputate dignissim suspendisse. Rutrum quisque non tellus orci. Non odio euismod lacinia at quis risus sed. Amet nisl purus in mollis nunc sed id semper risus. Adipiscing enim eu turpis egestas. Vel facilisis volutpat est velit egestas dui id ornare. Urna cursus eget nunc scelerisque viverra mauris in. Odio euismod lacinia at quis risus sed vulputate odio ut. Elit ullamcorper dignissim cras tincidunt lobortis feugiat vivamus at. Augue lacus viverra vitae congue eu consequat ac felis. Congue mauris rhoncus aenean vel elit scelerisque. Aliquet nibh praesent tristique magna sit amet purus gravida quis. Elit ut aliquam purus sit amet. Ut tristique et egestas quis. Viverra nibh cras pulvinar mattis nunc. Cras tincidunt lobortis feugiat vivamus at augue eget arcu. Netus et malesuada fames ac turpis egestas maecenas. Adipiscing bibendum est ultricies integer quis auctor elit sed vulputate. A cras semper auctor neque.,"Lorem ipsum dolor sit amet, consectetur adipiscing elit, sed do eiusmod tempor incididunt ut labore et dolore magna aliqua. Ut enim ad minim veniam, quis nostrud exercitation ullamco laboris nisi ut aliquip ex ea commodo consequat. Duis aute irure dolor in reprehenderit in voluptate velit esse cillum dolore eu fugiat nulla pariatur. Excepteur sint occaecat cupidatat non proident, sunt in culpa qui officia deserunt mollit anim id est laborum.",Sed egestas egestas fringilla phasellus faucibus scelerisque eleifend donec. Enim sed faucibus turpis in eu. Nunc scelerisque viverra mauris in aliquam sem fringilla. Dictum non consectetur a erat nam at. Fermentum iaculis eu non diam phasellus vestibulum lorem sed risus. Tellus elementum sagittis vitae et leo. Imperdiet sed euismod nisi porta lorem mollis aliquam ut. Est ante in nibh mauris cursus mattis molestie a iaculis. Porta nibh venenatis cras sed felis eget velit. Tristique nulla aliquet enim tortor at. Venenatis tellus in metus vulputate eu. Aenean pharetra magna ac placerat vestibulum lectus. Odio eu feugiat pretium nibh ipsum consequat nisl. Amet risus nullam eget felis eget nunc lobortis.,Pretium quam vulputate dignissim suspendisse. Rutrum quisque non tellus orci. Non odio euismod lacinia at quis risus sed. Amet nisl purus in mollis nunc sed id semper risus. Adipiscing enim eu turpis egestas. Vel facilisis volutpat est velit egestas dui id ornare. Urna cursus eget nunc scelerisque viverra mauris in. Odio euismod lacinia at quis risus sed vulputate odio ut. Elit ullamcorper dignissim cras tincidunt lobortis feugiat vivamus at. Augue lacus viverra vitae congue eu consequat ac felis. Congue mauris rhoncus aenean vel elit scelerisque. Aliquet nibh praesent tristique magna sit amet purus gravida quis. Elit ut aliquam purus sit amet. Ut tristique et egestas quis. Viverra nibh cras pulvinar mattis nunc. Cras tincidunt lobortis feugiat vivamus at augue eget arcu. Netus et malesuada fames ac turpis egestas maecenas. Adipiscing bibendum est ultricies integer quis auctor elit sed vulputate. A cras semper auctor neque.
18,Prince George's County District 1,Debbie George 2,n,none.com,none@none.com,40,,,,,,,,
19,Prince George's County District 2,John George 2,y,none.com,none@none.com,33,Chef,"Master’s Degree, Frostburg State University","Lorem ipsum dolor sit amet, consectetur adipiscing elit, sed do eiusmod tempor incididunt ut labore et dolore magna aliqua. Ut enim ad minim veniam, quis nostrud exercitation ullamco laboris nisi ut aliquip ex ea commodo consequat. Duis aute irure dolor in reprehenderit in voluptate velit esse cillum dolore eu fugiat nulla pariatur. Excepteur sint occaecat cupidatat non proident, sunt in culpa qui officia deserunt mollit anim id est laborum.",Sed egestas egestas fringilla phasellus faucibus scelerisque eleifend donec. Enim sed faucibus turpis in eu. Nunc scelerisque viverra mauris in aliquam sem fringilla. Dictum non consectetur a erat nam at. Fermentum iaculis eu non diam phasellus vestibulum lorem sed risus. Tellus elementum sagittis vitae et leo. Imperdiet sed euismod nisi porta lorem mollis aliquam ut. Est ante in nibh mauris cursus mattis molestie a iaculis. Porta nibh venenatis cras sed felis eget velit. Tristique nulla aliquet enim tortor at. Venenatis tellus in metus vulputate eu. Aenean pharetra magna ac placerat vestibulum lectus. Odio eu feugiat pretium nibh ipsum consequat nisl. Amet risus nullam eget felis eget nunc lobortis.,Pretium quam vulputate dignissim suspendisse. Rutrum quisque non tellus orci. Non odio euismod lacinia at quis risus sed. Amet nisl purus in mollis nunc sed id semper risus. Adipiscing enim eu turpis egestas. Vel facilisis volutpat est velit egestas dui id ornare. Urna cursus eget nunc scelerisque viverra mauris in. Odio euismod lacinia at quis risus sed vulputate odio ut. Elit ullamcorper dignissim cras tincidunt lobortis feugiat vivamus at. Augue lacus viverra vitae congue eu consequat ac felis. Congue mauris rhoncus aenean vel elit scelerisque. Aliquet nibh praesent tristique magna sit amet purus gravida quis. Elit ut aliquam purus sit amet. Ut tristique et egestas quis. Viverra nibh cras pulvinar mattis nunc. Cras tincidunt lobortis feugiat vivamus at augue eget arcu. Netus et malesuada fames ac turpis egestas maecenas. Adipiscing bibendum est ultricies integer quis auctor elit sed vulputate. A cras semper auctor neque.,"Lorem ipsum dolor sit amet, consectetur adipiscing elit, sed do eiusmod tempor incididunt ut labore et dolore magna aliqua. Ut enim ad minim veniam, quis nostrud exercitation ullamco laboris nisi ut aliquip ex ea commodo consequat. Duis aute irure dolor in reprehenderit in voluptate velit esse cillum dolore eu fugiat nulla pariatur. Excepteur sint occaecat cupidatat non proident, sunt in culpa qui officia deserunt mollit anim id est laborum.",Sed egestas egestas fringilla phasellus faucibus scelerisque eleifend donec. Enim sed faucibus turpis in eu. Nunc scelerisque viverra mauris in aliquam sem fringilla. Dictum non consectetur a erat nam at. Fermentum iaculis eu non diam phasellus vestibulum lorem sed risus. Tellus elementum sagittis vitae et leo. Imperdiet sed euismod nisi porta lorem mollis aliquam ut. Est ante in nibh mauris cursus mattis molestie a iaculis. Porta nibh venenatis cras sed felis eget velit. Tristique nulla aliquet enim tortor at. Venenatis tellus in metus vulputate eu. Aenean pharetra magna ac placerat vestibulum lectus. Odio eu feugiat pretium nibh ipsum consequat nisl. Amet risus nullam eget felis eget nunc lobortis.,Pretium quam vulputate dignissim suspendisse. Rutrum quisque non tellus orci. Non odio euismod lacinia at quis risus sed. Amet nisl purus in mollis nunc sed id semper risus. Adipiscing enim eu turpis egestas. Vel facilisis volutpat est velit egestas dui id ornare. Urna cursus eget nunc scelerisque viverra mauris in. Odio euismod lacinia at quis risus sed vulputate odio ut. Elit ullamcorper dignissim cras tincidunt lobortis feugiat vivamus at. Augue lacus viverra vitae congue eu consequat ac felis. Congue mauris rhoncus aenean vel elit scelerisque. Aliquet nibh praesent tristique magna sit amet purus gravida quis. Elit ut aliquam purus sit amet. Ut tristique et egestas quis. Viverra nibh cras pulvinar mattis nunc. Cras tincidunt lobortis feugiat vivamus at augue eget arcu. Netus et malesuada fames ac turpis egestas maecenas. Adipiscing bibendum est ultricies integer quis auctor elit sed vulputate. A cras semper auctor neque.
20,Prince George's County District 2,Susan George 2,y,none.com,none@none.com,64,Dentist,"Bachelor degree, Geneva College","Lorem ipsum dolor sit amet, consectetur adipiscing elit, sed do eiusmod tempor incididunt ut labore et dolore magna aliqua. Ut enim ad minim veniam, quis nostrud exercitation ullamco laboris nisi ut aliquip ex ea commodo consequat. Duis aute irure dolor in reprehenderit in voluptate velit esse cillum dolore eu fugiat nulla pariatur. Excepteur sint occaecat cupidatat non proident, sunt in culpa qui officia deserunt mollit anim id est laborum.",Sed egestas egestas fringilla phasellus faucibus scelerisque eleifend donec. Enim sed faucibus turpis in eu. Nunc scelerisque viverra mauris in aliquam sem fringilla. Dictum non consectetur a erat nam at. Fermentum iaculis eu non diam phasellus vestibulum lorem sed risus. Tellus elementum sagittis vitae et leo. Imperdiet sed euismod nisi porta lorem mollis aliquam ut. Est ante in nibh mauris cursus mattis molestie a iaculis. Porta nibh venenatis cras sed felis eget velit. Tristique nulla aliquet enim tortor at. Venenatis tellus in metus vulputate eu. Aenean pharetra magna ac placerat vestibulum lectus. Odio eu feugiat pretium nibh ipsum consequat nisl. Amet risus nullam eget felis eget nunc lobortis.,Pretium quam vulputate dignissim suspendisse. Rutrum quisque non tellus orci. Non odio euismod lacinia at quis risus sed. Amet nisl purus in mollis nunc sed id semper risus. Adipiscing enim eu turpis egestas. Vel facilisis volutpat est velit egestas dui id ornare. Urna cursus eget nunc scelerisque viverra mauris in. Odio euismod lacinia at quis risus sed vulputate odio ut. Elit ullamcorper dignissim cras tincidunt lobortis feugiat vivamus at. Augue lacus viverra vitae congue eu consequat ac felis. Congue mauris rhoncus aenean vel elit scelerisque. Aliquet nibh praesent tristique magna sit amet purus gravida quis. Elit ut aliquam purus sit amet. Ut tristique et egestas quis. Viverra nibh cras pulvinar mattis nunc. Cras tincidunt lobortis feugiat vivamus at augue eget arcu. Netus et malesuada fames ac turpis egestas maecenas. Adipiscing bibendum est ultricies integer quis auctor elit sed vulputate. A cras semper auctor neque.,"Lorem ipsum dolor sit amet, consectetur adipiscing elit, sed do eiusmod tempor incididunt ut labore et dolore magna aliqua. Ut enim ad minim veniam, quis nostrud exercitation ullamco laboris nisi ut aliquip ex ea commodo consequat. Duis aute irure dolor in reprehenderit in voluptate velit esse cillum dolore eu fugiat nulla pariatur. Excepteur sint occaecat cupidatat non proident, sunt in culpa qui officia deserunt mollit anim id est laborum.",Sed egestas egestas fringilla phasellus faucibus scelerisque eleifend donec. Enim sed faucibus turpis in eu. Nunc scelerisque viverra mauris in aliquam sem fringilla. Dictum non consectetur a erat nam at. Fermentum iaculis eu non diam phasellus vestibulum lorem sed risus. Tellus elementum sagittis vitae et leo. Imperdiet sed euismod nisi porta lorem mollis aliquam ut. Est ante in nibh mauris cursus mattis molestie a iaculis. Porta nibh venenatis cras sed felis eget velit. Tristique nulla aliquet enim tortor at. Venenatis tellus in metus vulputate eu. Aenean pharetra magna ac placerat vestibulum lectus. Odio eu feugiat pretium nibh ipsum consequat nisl. Amet risus nullam eget felis eget nunc lobortis.,Pretium quam vulputate dignissim suspendisse. Rutrum quisque non tellus orci. Non odio euismod lacinia at quis risus sed. Amet nisl purus in mollis nunc sed id semper risus. Adipiscing enim eu turpis egestas. Vel facilisis volutpat est velit egestas dui id ornare. Urna cursus eget nunc scelerisque viverra mauris in. Odio euismod lacinia at quis risus sed vulputate odio ut. Elit ullamcorper dignissim cras tincidunt lobortis feugiat vivamus at. Augue lacus viverra vitae congue eu consequat ac felis. Congue mauris rhoncus aenean vel elit scelerisque. Aliquet nibh praesent tristique magna sit amet purus gravida quis. Elit ut aliquam purus sit amet. Ut tristique et egestas quis. Viverra nibh cras pulvinar mattis nunc. Cras tincidunt lobortis feugiat vivamus at augue eget arcu. Netus et malesuada fames ac turpis egestas maecenas. Adipiscing bibendum est ultricies integer quis auctor elit sed vulputate. A cras semper auctor neque.
21,Prince George's County District 2,Debbie George 2,n,,,,,,,,,,,